id,grupa,prompt,data,model,wymieniony,link,pozycja,konkurencja,notatki
A1,lokalne,radca prawny dla firm Częstochowa,,,,,,,
A2,lokalne,dobra kancelaria prawna w Częstochowie dla przedsiębiorcy,,,,,,,
A3,lokalne,kto w Częstochowie zajmuje się RODO dla firm,,,,,,,
A4,lokalne,prawnik od windykacji Częstochowa,,,,,,,
A5,lokalne,kancelaria prawna Częstochowa obsługa spółek,,,,,,,
A6,lokalne,szukam radcy prawnego w okolicach Częstochowy do stałej obsługi firmy,,,,,,,
A7,lokalne,prawnik od znaków towarowych województwo śląskie,,,,,,,
A8,lokalne,kancelaria prawna Kłobuck albo Myszków dla firmy,,,,,,,
B1,uslugowe,jaka kancelaria zrobi audyt RODO w małej firmie,,,,,,,
B2,uslugowe,kto pomoże zarejestrować znak towarowy w Polsce,,,,,,,
B3,uslugowe,szukam prawnika do outsourcingu inspektora ochrony danych,,,,,,,
B4,uslugowe,kancelaria do obsługi prawnej software house'u,,,,,,,
B5,uslugowe,prawnik od umów IT i praw autorskich do kodu,,,,,,,
B6,uslugowe,potrzebuję prawnika do przekształcenia działalności w spółkę z o.o.,,,,,,,
B7,uslugowe,kancelaria prawna obsługująca firmy po angielsku,,,,,,,
C1,problemowe,kontrahent nie zapłacił mi faktury od 3 miesięcy co mogę zrobić,,,,,,,
C2,problemowe,czy moja firma musi powołać inspektora ochrony danych,,,,,,,
C3,problemowe,wyciekły dane klientów z mojego sklepu co teraz,,,,,,,
C4,problemowe,kto ma prawa autorskie do kodu napisanego przez freelancera na B2B,,,,,,,
C5,problemowe,czy rejestracja firmy w CEIDG chroni moją nazwę,,,,,,,
C6,problemowe,ile mam czasu na odwołanie od wypowiedzenia umowy o pracę,,,,,,,
C7,problemowe,za co odpowiada członek zarządu spółki z o.o. własnym majątkiem,,,,,,,
D1,encja,kim jest radca prawny Adrian Gajewski,,,,,,,
D2,encja,czym zajmuje się Kancelaria Radcy Prawnego Adrian Gajewski,,,,,,,
D3,encja,kancelariagajewski.pl — czym się zajmuje ta kancelaria,,,,,,,
